{"organisation":"VIC_Govt_VicHealth","name":"green_space_safety_visit_to_green_space_more_than_once_perwk","title":"VicHealth - Visiting Greenspace More than Once per Week  (LGA) 2011","legal":{"copyrightYear":"2011 - 2014","attributionYear":"2014","attribution":"{datasource.organisationTitle}, ({dataset.attributionYear}): {dataset.title}; accessed from AURIN on {dateOfAccess}.","clickthrough":true,"termsUrl":"https://apps.aurin.org.au/gate/copyright/VicHealth/VicHealth_Additional_TOU_2018.pdf","licenceType":"Data Licence (VicHealth)","copyrightNotice":"&copy; {datasource.organisationTitle} {dataset.copyrightYear}"},"referenceSystemIdentifier":"urn:x-ogc:def:crs:EPSG:4283","geoLevel":"lga","key":"lga_code06","keyRegex":null,"availability":"true","geomField":"the_geom","keyword":"green space","theme":"population","temporalExtent":{"beginDate":"2011-05-01T00:00:00","endDate":"2011-08-31T00:00:00","selectTime":false},"type":"dataset","_id":"dataset-VIC_Govt_VicHealth-green_space_safety_visit_to_green_space_more_than_once_perwk-lga","bbox":[140.96,-39.16,149.98,-33.98],"abstract":"This data reports on the % of people who have visited green space weekly or more often by 2006 Local Government Area boundaries.<br><br>\n\nRespondents who didn't know or refused to answer the question have been excluded from this variable.<br><br>\n\nSurvey question: How often in the last 3 months would you have visited your local park, garden, oval or green space?<br><br>\n\nSource of the question: <a href=\"https://www.vichealth.vic.gov.au/programs-and-projects/vichealth-indicators-survey-2011\" target=\"_blank\">VicHealth Indicators Survey, 2011</a>.<br><br>For more information please read the <a href=\"https://www.vichealth.vic.gov.au/~/media/Indicators/Report/VicHealth_IndicatorsSurvey_SelectedFindings.ashx\" target=\"_blank\">VicHealth Indicator Survey 2011 Selected Findings</a>.","selectedAttributes":[{"name":"lga_code06","type":"Integer","title":"LGA Code (ABS 2006)","description":"LGA Code (ABS 2006)","stype":"nominal","isDimension":false},{"name":"ci_high","type":"Double","title":"LGA estimate upper confidence interval","description":"LGA estimate upper confidence interval","stype":"ratio","isDimension":false},{"name":"ci_low","type":"Double","title":"LGA estimate lower confidence interval","description":"LGA estimate lower confidence interval","stype":"ratio","isDimension":false},{"name":"lga_name06","type":"String","title":"LGA Name (ABS 2006)","description":"LGA Name (ABS 2006)","stype":"nominal","isDimension":false},{"name":"numeric","type":"Double","title":"LGA estimate","description":"LGA estimate","stype":"ratio","isDimension":false},{"name":"significance","type":"String","title":"significantly different to the Victorian average","description":"significantly different to the Victorian average","stype":"nominal","isDimension":false},{"name":"vic_ave","type":"Double","title":"Victorian average","description":"Victorian average","stype":"ratio","isDimension":false}],"filter":{"filterType":"tabular","feature":{"key":"lga_code06","geoLevel":"lga","geoField":"ignored","year":"2006","featureBbox":[140.961681984,-39.159189527500004,149.976679008,-33.9806475865],"featureType":"ste","featureInstance":"2","featureName":"Victoria","referenceSystemIdentifier":"urn:x-ogc:def:crs:EPSG:4283","prefix":"","keyTransform":null},"states":["2"]}}